id,first_name,last_name,gender,age
1,Jeannie,Langmuir,Female,29
2,Nara,De Maria,Female,11
3,Robinett,Wrighton,Genderfluid,51
4,Frederico,Alebrooke,Male,21
5,Ruperta,Elgram,Female,12
6,Norry,Newlands,Male,51
7,Lorain,Worsalls,Female,11
8,Buffy,Cleary,Female,77
9,Udall,Blaze,Male,36
10,Lonee,Zanre,Female,86
11,Andy,Bardwall,Male,24
12,Pet,Fisbburne,Female,85
13,Cortie,Santacrole,Male,84
14,Marlene,Seebright,Female,49
15,Maje,Eyrl,Male,68
16,Rafaela,Matelyunas,Female,85
17,Tremaine,D'Agostini,Male,64
18,Reece,Murdy,Male,38
19,Nancy,Perton,Female,52
20,Vanda,Drennan,Female,36
21,Franklin,Fessier,Male,69
22,Lenci,O'Scollain,Male,40
23,Margaretha,Eldritt,Female,17
24,Emmeline,Klarzynski,Female,24
25,Myrilla,Targett,Female,53
26,Gianni,Franceschielli,Male,32
27,Yurik,Heinz,Male,84
28,Claudio,Pedrick,Male,49
29,Aidan,Rickcord,Female,82
30,Nestor,Blaber,Male,72
31,Cole,Astle,Male,82
32,Sloan,Dohrmann,Male,10
33,Nanete,Blackbrough,Female,77
34,Corrianne,Kayne,Bigender,18
35,Finlay,Roalfe,Male,72
36,Athene,Hrus,Female,76
37,Eleonore,Powles,Female,53
38,Abrahan,Ebbing,Male,59
39,Crista,Tures,Bigender,44
40,Mattie,Danhel,Male,42
41,Barry,Ghilks,Female,10
42,Carine,Louder,Female,33
43,Derrek,Whipp,Male,73
44,Cull,Osboldstone,Male,14
45,Kalil,Willows,Male,77
46,Sylvester,Rosser,Male,75
47,Rona,Lucius,Female,73
48,Prissie,Mawdsley,Polygender,76
49,Sherri,Guilleton,Female,32
50,Dreddy,Hourston,Female,81
51,Modestine,Ragat,Female,34
52,Raynell,Alcott,Female,12
53,Nita,Pococke,Female,86
54,Valeria,Filtness,Female,78
55,Rici,Kinker,Non-binary,87
56,Raina,Lindelof,Female,16
57,Courtnay,Took,Male,52
58,Jourdain,Haensel,Male,80
59,Ransom,Norfolk,Male,23
60,Darcy,Urien,Female,25
61,Laryssa,Knowlys,Female,67
62,Vladimir,De la Barre,Male,43
63,Kristy,Ladel,Female,64
64,Tonnie,McGall,Male,18
65,Thain,McComb,Male,16
66,Neille,Van T'Hoog,Bigender,81
67,Lynnea,Prosh,Genderfluid,41
68,Del,Rich,Male,89
69,Frasier,McMullen,Male,43
70,Yelena,Liddington,Female,27
71,Armin,Pavey,Male,14
72,Reinaldo,Edwins,Male,38
73,Gill,Chilvers,Male,18
74,Boot,Hamerton,Male,76
75,Eben,Alven,Male,56
76,Jedidiah,MacAllen,Male,44
77,Alden,Metschke,Male,73
78,Mitchel,Paulot,Male,73
79,Justine,L'argent,Female,27
80,Halie,Kinchlea,Bigender,50
81,Sabine,Ivachyov,Female,23
82,Augustine,Kirley,Female,54
83,Uri,Manus,Male,42
84,Gustavo,Mcwhinnie,Male,50
85,Padriac,Banasiak,Agender,66
86,Colleen,Petran,Female,68
87,Napoleon,Claridge,Male,53
88,Brena,Muzzillo,Female,37
89,Myrwyn,Izod,Male,86
90,Thaddus,Donlon,Male,20
91,Darryl,Soonhouse,Female,32
92,Alison,Extal,Female,54
93,Kariotta,Breeder,Female,18
94,Gill,Murfill,Male,67
95,Benyamin,Swinford,Male,85
96,Orsa,Petherick,Female,48
97,Yolane,Cantera,Female,32
98,Shayne,Tattersall,Female,86
99,Cornelius,Mc Coughan,Male,81
100,Ford,Janos,Male,49
101,Ashlan,Heball,Female,59
102,Halley,Clynmans,Female,73
103,Dave,Elesander,Male,23
104,Harper,Libbie,Male,83
105,Kiele,Tieman,Polygender,14
106,Liz,Bywater,Female,47
107,Candie,Pingstone,Female,44
108,Emmott,De Cleyne,Male,59
109,Mordy,Giorgi,Male,59
110,Barrett,Northridge,Male,76
111,Ethyl,Napolione,Bigender,23
112,Hilton,Gatcliff,Agender,81
113,Jason,Broadfoot,Male,15
114,Bobine,Wilkinson,Female,42
115,Lowe,Gleeton,Male,88
116,Martin,Begley,Male,41
117,Giselbert,Keppin,Male,42
118,Daffie,Ary,Female,62
119,Tulley,Smye,Male,66
120,Freddie,Lloyds,Female,31
121,Quent,Geibel,Male,38
122,Derick,Gornal,Male,65
123,Beilul,McAughtrie,Female,64
124,Roshelle,Nelius,Female,79
125,Quincey,Veracruysse,Male,81
126,Burty,Yve,Male,16
127,Nial,French,Male,27
128,Florence,Lampke,Female,35
129,Charlton,Denzey,Male,28
130,Robbie,Gwilym,Female,74
131,Verney,Persich,Agender,10
132,Keri,Lingwood,Female,57
133,Tim,Vogel,Genderfluid,66
134,Sinclare,Colisbe,Male,19
135,Wallie,Lye,Male,24
136,Nikolia,Pettit,Agender,19
137,Warde,Ayllett,Male,76
138,Walker,Waggatt,Non-binary,78
139,Noell,Lampbrecht,Bigender,32
140,Jephthah,Toll,Male,52
141,Caye,Layus,Female,86
142,Gayelord,Hallgarth,Male,43
143,Berne,Crayk,Male,50
144,Catherina,Juschke,Female,88
145,Muire,Nichols,Genderfluid,29
146,Boone,Grendon,Male,85
147,Twyla,Valance,Female,16
148,Jere,Huge,Male,43
149,Julieta,MacCurtain,Female,43
150,Consuelo,Woodcraft,Genderqueer,23
151,Shirlee,Youster,Female,64
152,Joell,Georges,Female,19
153,Bat,Tsarovic,Male,43
154,Tomlin,Bairstow,Male,31
155,Georgetta,Linster,Bigender,16
156,Nicola,Chicken,Female,22
157,Zorina,Mollnar,Female,50
158,Tracey,Zwicker,Female,78
159,Maribelle,Rau,Agender,14
160,Launce,Truce,Male,38
161,Curry,Dever,Male,16
162,Pearla,Lacky,Female,79
163,Valenka,Kellen,Female,41
164,Flor,Hassey,Female,15
165,Milly,Talboy,Non-binary,71
166,Norine,Munt,Genderfluid,49
167,Drona,Von Welden,Female,80
168,Francklyn,Duguid,Male,34
169,Gage,McElrea,Male,48
170,Lorilee,Le Gallo,Female,79
171,Kelli,Gilmartin,Female,62
172,Normy,MacCard,Male,24
173,Leanora,Beldham,Female,73
174,Joelynn,Coltart,Female,79
175,Ashil,Tomaskunas,Female,61
176,Richy,Fyldes,Male,35
177,Willyt,Hargate,Female,90
178,Michelina,Kunisch,Female,35
179,Gwynne,Llopis,Female,13
180,Sashenka,Poulton,Female,31
181,Maximilian,MacFaell,Male,79
182,Di,Kira,Female,81
183,Gray,Kibbye,Bigender,56
184,Emmalee,Brownbridge,Female,24
185,Krystle,Westcott,Female,61
186,Stillman,Tzar,Male,40
187,Eugenio,Blanden,Male,62
188,Sharyl,Dyer,Female,35
189,Helaine,Cosslett,Female,64
190,Coretta,Gothliff,Female,45
191,Lishe,Saiz,Bigender,20
192,Alyosha,Lushey,Male,79
193,Jerald,Brundall,Male,83
194,Pavia,Laughtisse,Female,23
195,Holly-anne,McLanachan,Female,44
196,Kingsly,Roelvink,Male,87
197,Amandy,Pfiffer,Female,55
198,Iosep,Roux,Male,65
199,Bryce,Barthrup,Non-binary,71
200,Dew,Silverthorn,Male,49
201,Baryram,Schoroder,Male,28
202,Stinky,Antrim,Male,13
203,Thomasa,Reyna,Female,31
204,Valentine,Klazenga,Male,51
205,Kiley,Hainey`,Male,39
206,Everard,Victor,Agender,75
207,Ward,Sandhill,Male,66
208,Stella,Marfield,Female,76
209,Anders,De Ortega,Male,85
210,Layne,Kinton,Female,66
211,Rudolfo,Shimwell,Male,50
212,Terrill,Heinsius,Male,42
213,Steffen,Androsik,Male,76
214,Millie,Fayter,Female,13
215,Georgena,Bigley,Female,20
216,Alaine,Dorre,Female,83
217,Alford,Plitz,Male,35
218,Rowena,Plowright,Female,88
219,Ali,Fibbings,Male,27
220,Noam,Probbing,Male,86
221,Jamesy,Wyman,Male,62
222,Estel,Ambrogioni,Female,75
223,Petronia,Durward,Female,43
224,Sean,Losel,Male,18
225,Zebulon,Albutt,Male,18
226,Shannon,Molines,Female,79
227,Earl,Effemy,Male,61
228,Nate,Goudie,Male,89
229,Geoffrey,Latter,Male,32
230,Glory,Tamas,Female,16
231,Peirce,Janks,Agender,23
232,Nicolle,Thomason,Female,58
233,Adolpho,Kibbee,Male,10
234,Guenna,Bison,Female,32
235,George,Rigts,Female,52
236,Roosevelt,Canepe,Agender,24
237,Haroun,Janauschek,Male,44
238,Wenda,Glassborow,Genderfluid,71
239,Diego,Dalgliesh,Male,62
240,Fabe,Blastock,Male,75
241,Weston,Tomson,Male,16
242,Minnie,Henaughan,Female,54
243,Jozef,Millimoe,Male,62
244,Germaine,Saphir,Female,16
245,Adolphe,Collough,Male,77
246,Jared,Stoter,Male,31
247,Salvador,Marzelli,Male,82
248,Arron,Angell,Male,77
249,Sande,Halgarth,Female,87
250,Josias,Isac,Male,14
251,Branden,Raffles,Male,46
252,Rutter,Lawley,Male,18
253,Deborah,Beauman,Female,35
254,Rosanna,Biggadike,Genderqueer,58
255,Lennard,Hatley,Male,33
256,Maryrose,Gaukrodge,Female,47
257,Rene,Stennine,Female,16
258,Cooper,McKag,Male,31
259,Larisa,Willcott,Female,80
260,Kareem,Servis,Male,12
261,Carline,Klebes,Female,46
262,Ruperto,Rishworth,Male,37
263,Scarface,Coots,Male,15
264,Jacquenette,Jeckells,Female,70
265,Kain,Caldow,Male,47
266,Forrest,Curthoys,Genderfluid,61
267,Aubrey,Christoforou,Male,56
268,Skippy,Cherrie,Male,39
269,Nike,Deely,Bigender,69
270,Guido,Roxbee,Male,28
271,Hasty,Brummitt,Agender,50
272,Crissie,Duffie,Female,66
273,Brunhilda,Heninghem,Female,56
274,Teressa,Koppe,Female,30
275,Katharyn,Froment,Female,64
276,Alina,De Bellis,Female,70
277,Calv,MacAnespie,Male,73
278,Gus,Ortet,Female,82
279,Pearl,Caughey,Female,50
280,Shayne,Clewett,Female,74
281,Basia,Pole,Female,81
282,Waverly,Phil,Male,52
283,Hildegaard,Mogg,Polygender,17
284,Zenia,Atger,Female,78
285,Thibaut,Frizell,Polygender,79
286,Calv,Mantha,Genderqueer,55
287,Mort,Shimwall,Male,35
288,Glynnis,MacDunlevy,Female,45
289,Minny,Castanie,Female,57
290,Mohandas,Mounsie,Male,81
291,Chelsie,McGerraghty,Female,54
292,Corrinne,Slayny,Female,16
293,Alberta,Seathwright,Female,32
294,Artie,Sheara,Male,34
295,Koenraad,Favey,Male,64
296,Vera,Grotty,Female,87
297,Tildy,Gilston,Female,42
298,Rosabella,Bilby,Female,50
299,Alexandrina,Bartley,Female,48
300,Auberon,Birnie,Male,21
301,Marcille,Acedo,Female,22
302,Loria,O'Hear,Female,60
303,Enoch,De La Coste,Agender,42
304,Gilda,Cadge,Female,83
305,Ellyn,Gounod,Female,22
306,Kerstin,Stewart,Female,71
307,Dannie,Doelle,Female,57
308,Ambrosius,Rochford,Male,50
309,Nealon,Martinat,Male,27
310,Barrett,Kesby,Male,23
311,Adorne,Huckerbe,Female,58
312,Charla,Bartles,Female,28
313,Celene,Ciccottini,Female,70
314,Everett,Babber,Male,41
315,Rasla,Voak,Female,31
316,Arte,Lukesch,Male,29
317,Dame,Amott,Male,12
318,Michel,Briffett,Female,33
319,Kelcey,Darlison,Female,14
320,Benji,Jirick,Male,37
321,Freddi,Fielden,Female,28
322,Ulberto,Rounsefull,Male,46
323,Durante,Sacher,Male,59
324,Byran,Cuskery,Male,83
325,Ruby,Spilling,Polygender,60
326,Janean,Parrish,Female,44
327,Luce,Chinnery,Female,39
328,Emory,Kenefick,Male,88
329,Merry,Richard,Male,57
330,Lenette,Werndly,Female,11
331,Christean,Spollen,Female,26
332,Emogene,Robe,Bigender,58
333,Jewelle,Jedrzaszkiewicz,Female,29
334,Alvina,Snoxill,Female,77
335,Gisela,Gonoude,Female,74
336,Bonnibelle,Nekrews,Female,75
337,Raymund,Castard,Male,70
338,Phip,Skakunas,Male,59
339,Riki,Hof,Female,52
340,Beatriz,Werlock,Female,39
341,Roxanne,Kobisch,Female,65
342,Wolfie,Oldknow,Male,40
343,Seward,Prayer,Male,65
344,Lind,Gasgarth,Male,50
345,Creigh,Kindall,Male,82
346,Gertrud,MacGaughie,Female,70
347,Nil,Smythin,Genderqueer,19
348,Augustine,Dallywater,Male,22
349,Ignatius,Northfield,Genderfluid,86
350,Mirabel,Marc,Female,76
351,Newton,Hennemann,Male,79
352,Vanny,Fagan,Female,23
353,Carlynne,Coverdale,Female,88
354,Gillian,Twoohy,Female,72
355,Adlai,Cutriss,Male,24
356,Adella,Garnson,Female,32
357,Aubrie,Antonikov,Female,15
358,Tanya,Olenichev,Female,33
359,Marlin,Ledger,Male,64
360,Meir,Fallens,Male,64
361,Judd,Defont,Male,14
362,Bartlett,Skirven,Male,65
363,Lind,Du Plantier,Female,52
364,Francesco,Foxley,Male,46
365,Demetra,Kainz,Female,22
366,Dacia,Rosina,Female,20
367,Miner,Rosbotham,Male,52
368,Jefferey,Petrecz,Male,58
369,Bibby,Elflain,Female,43
370,Krystyna,Caron,Female,74
371,Genny,Goundry,Female,78
372,Grady,Slocum,Male,79
373,Kellen,Buzzing,Female,29
374,Kenton,Gernier,Male,66
375,Katrinka,Kissock,Female,73
376,Niki,Slatcher,Female,67
377,Bliss,Vallintine,Female,20
378,Penny,Kinnon,Genderqueer,48
379,Nettle,Arthur,Female,46
380,Thomasin,Sherrell,Female,15
381,Robinet,Gipson,Male,73
382,Gayle,Chessum,Male,81
383,Sanderson,Strowther,Male,41
384,Fancy,Whelband,Genderfluid,46
385,Kikelia,Batchelar,Female,74
386,Amelia,Roughley,Female,22
387,Charissa,Smoughton,Female,38
388,Jacquette,Nutbeem,Female,78
389,Sela,Huke,Female,17
390,Wolfie,Catterson,Male,34
391,Steffen,Dengel,Male,24
392,Ag,Lamboll,Female,60
393,Lurette,Vidler,Female,45
394,Caprice,Elmes,Female,15
395,Weber,Vashchenko,Male,24
396,Ambrosius,Madeley,Male,19
397,Dacey,Bywaters,Female,19
398,Desirae,Arbor,Female,63
399,Sue,Jobe,Female,43
400,Reinald,Wilmut,Male,35
401,Willdon,Kain,Male,72
402,Kirstyn,Cairns,Female,83
403,Lanny,Wollacott,Male,18
404,Cos,Kleeman,Male,67
405,Cleopatra,Skipper,Agender,15
406,Lock,Trunks,Male,40
407,Ritchie,Druhan,Male,82
408,Claus,Hubbart,Male,17
409,Calhoun,Toppas,Male,84
410,Minnaminnie,McCarlich,Female,69
411,Lita,Wolver,Female,36
412,Eberhard,Coldham,Male,38
413,Avis,Lusty,Female,14
414,Arlan,Todarini,Male,40
415,Harrie,Springtorpe,Polygender,13
416,Lin,Peachment,Male,10
417,Faulkner,Mulcaster,Male,59
418,Arleta,Lineham,Genderfluid,53
419,Antonia,Duiguid,Female,75
420,Margette,Messitt,Female,84
421,Dillon,Krzyzaniak,Male,22
422,Gayelord,Babber,Male,74
423,Cissiee,Tythe,Female,17
424,Hall,Balaison,Male,19
425,Charlton,Schiersch,Male,37
426,Tanya,Maunsell,Female,25
427,Emory,Rablen,Male,37
428,Meggy,Caveau,Female,46
429,Brennan,Pachmann,Male,25
430,Merlina,Buttress,Female,62
431,Averil,Hurren,Male,62
432,Myer,Zanelli,Male,18
433,Hesther,Claremont,Female,66
434,Sutherlan,Perroni,Male,35
435,Anastassia,Joliffe,Female,46
436,Jasen,Torritti,Male,90
437,Alonzo,Milvarnie,Male,58
438,Granger,Blethin,Male,10
439,Adrianna,Rylstone,Female,41
440,Mari,Simmig,Female,18
441,Tildi,Itzkovici,Female,37
442,Tremaine,Mumberson,Male,75
443,Bernete,Boulstridge,Female,54
444,Mathew,Lamp,Male,62
445,Emelina,Gabler,Female,37
446,Dorri,Burstow,Female,33
447,Jaime,Chanders,Male,74
448,Rorke,Huntly,Male,43
449,Janaya,Charer,Female,48
450,Bryant,Coucher,Male,47
451,Husein,Pittham,Genderfluid,90
452,Bernita,Havis,Female,90
453,Thayne,Forgie,Agender,73
454,Gerek,Boerder,Male,53
455,Eleonora,Morriarty,Female,68
456,Sheilah,Jaume,Agender,89
457,Cordelia,Sproson,Female,47
458,Chevy,Kerrigan,Male,36
459,Ingemar,Walker,Male,20
460,Chester,Every,Male,14
461,Leila,Libby,Female,44
462,Evangelia,McDirmid,Female,37
463,Anya,Spiteri,Female,30
464,Raquela,Portman,Female,21
465,Karalee,Hartwright,Female,33
466,Giff,Eslinger,Male,83
467,Dacie,Bartle,Female,70
468,Arney,Branchet,Male,13
469,Nicko,Wanka,Male,22
470,Nerissa,Mac Geaney,Female,62
471,Shea,Kingscott,Female,28
472,Teresa,Fashion,Female,20
473,Hephzibah,Burke,Female,81
474,Salomi,Nucci,Female,52
475,Nikos,Rallinshaw,Male,79
476,Roby,Thickett,Female,51
477,Arabelle,Hoys,Female,16
478,Jonathan,Mortlock,Male,59
479,Layney,Papachristophorou,Female,37
480,Idaline,Watkiss,Female,76
481,Sibel,Arsey,Female,86
482,Joaquin,Emery,Male,37
483,Dugald,Rendbaek,Male,32
484,Sophi,Hekkert,Female,71
485,Pam,Shippard,Female,55
486,Levi,Stollsteimer,Non-binary,80
487,Meghan,Aggs,Female,46
488,Levi,Adrien,Male,15
489,Monti,Toun,Male,38
490,Reidar,Pople,Male,72
491,Tiphany,Gibbins,Female,22
492,Bryanty,Ambrosini,Male,51
493,Lemmie,Goodram,Male,69
494,Gawen,Esslemont,Male,41
495,Tansy,Harman,Female,86
496,Tedman,Kordes,Male,52
497,Sandra,Dunford,Female,46
498,Dannie,Colum,Female,15
499,Kean,Ballantyne,Male,60
500,Torre,Scrogges,Male,52
